product_shipment_id,shipment_name,shipment_id,product_description,quantity,product_id,departing_origin_date,arriving_destination_date,vehicle_name,origin_location_name,origin_location_geohash,destination_location_name,destination_location_geohash,product_shipment_name
014ff88d-0114-4764-853b-20d854d1d3b5-1,Shipment 1,014ff88d-0114-4764-853b-20d854d1d3b5,Blue Triangles,2000,product-1,2024-04-08,2024-04-22,Vehicle 1,St. Louis Facility,"38.684780,-90.216816",Chicago Facility,"41.893911,-87.735365",Product Shipment 1-1
070f4679-ed17-47bf-a2c6-b76d56b1e38e-1,Shipment 2,070f4679-ed17-47bf-a2c6-b76d56b1e38e,Blue Triangles,3000,product-1,2024-04-09,2024-04-24,Vehicle 2,St. Louis Facility,"38.684780,-90.216816",Houston Facility,"29.847678,-95.584652",Product Shipment 2-1
09a15352-00b9-4c42-b4ea-c095b893da4a-2,Shipment 3,09a15352-00b9-4c42-b4ea-c095b893da4a,Red Squares,2000,product-2,2024-04-07,2024-04-24,Vehicle 3,St. Louis Facility,"38.684780,-90.216816",New York Facility,"40.729498,-73.707367",Product Shipment 3-2
09a15352-00b9-4c42-b4ea-c095b893da4a-1,Shipment 3,09a15352-00b9-4c42-b4ea-c095b893da4a,Blue Triangles,1000,product-1,2024-04-07,2024-04-24,Vehicle 3,St. Louis Facility,"38.684780,-90.216816",New York Facility,"40.729498,-73.707367",Product Shipment 3-1
0ce11fde-e7d0-4610-a1ec-13bdb5decea7-2,Shipment 4,0ce11fde-e7d0-4610-a1ec-13bdb5decea7,Red Squares,9000,product-2,2024-04-09,2024-04-23,Vehicle 4,Chicago Facility,"41.893911,-87.735365",New York Facility,"40.729498,-73.707367",Product Shipment 4-2
0ce11fde-e7d0-4610-a1ec-13bdb5decea7-1,Shipment 4,0ce11fde-e7d0-4610-a1ec-13bdb5decea7,Blue Triangles,7000,product-1,2024-04-09,2024-04-23,Vehicle 4,Chicago Facility,"41.893911,-87.735365",New York Facility,"40.729498,-73.707367",Product Shipment 4-1
1052f49d-67f0-4413-a422-4e692490b6ba-1,Shipment 5,1052f49d-67f0-4413-a422-4e692490b6ba,Blue Triangles,6000,product-1,2024-04-10,2024-04-26,Vehicle 5,Houston Facility,"29.847678,-95.584652",Chicago Facility,"41.893911,-87.735365",Product Shipment 5-1
14aba90a-e2e6-407f-946e-607e1e077874-2,Shipment 6,14aba90a-e2e6-407f-946e-607e1e077874,Red Squares,7000,product-2,2024-04-09,2024-04-27,Vehicle 6,Houston Facility,"29.847678,-95.584652",Chicago Facility,"41.893911,-87.735365",Product Shipment 6-2
14aba90a-e2e6-407f-946e-607e1e077874-1,Shipment 6,14aba90a-e2e6-407f-946e-607e1e077874,Blue Triangles,6000,product-1,2024-04-09,2024-04-27,Vehicle 6,Houston Facility,"29.847678,-95.584652",Chicago Facility,"41.893911,-87.735365",Product Shipment 6-1
1aaf01e6-eb7f-4b71-ae71-3db35be62e48-2,Shipment 7,1aaf01e6-eb7f-4b71-ae71-3db35be62e48,Red Squares,3000,product-2,2024-04-09,2024-04-20,Vehicle 7,St. Louis Facility,"38.684780,-90.216816",Houston Facility,"29.847678,-95.584652",Product Shipment 7-2
1aaf01e6-eb7f-4b71-ae71-3db35be62e48-1,Shipment 7,1aaf01e6-eb7f-4b71-ae71-3db35be62e48,Blue Triangles,5000,product-1,2024-04-09,2024-04-20,Vehicle 7,St. Louis Facility,"38.684780,-90.216816",Houston Facility,"29.847678,-95.584652",Product Shipment 7-1
1f93d6a7-111f-4084-8bfc-99cfc9416b1b-1,Shipment 8,1f93d6a7-111f-4084-8bfc-99cfc9416b1b,Blue Triangles,6000,product-1,2024-04-08,2024-04-24,Vehicle 8,St. Louis Facility,"38.684780,-90.216816",Houston Facility,"29.847678,-95.584652",Product Shipment 8-1
219bae24-eb03-40db-b957-6eb650ffb016-1,Shipment 9,219bae24-eb03-40db-b957-6eb650ffb016,Blue Triangles,1000,product-1,2024-04-10,2024-04-22,Vehicle 9,St. Louis Facility,"38.684780,-90.216816",New York Facility,"40.729498,-73.707367",Product Shipment 9-1
25394a95-cbb8-463e-969c-a58d1774b4b8-1,Shipment 10,25394a95-cbb8-463e-969c-a58d1774b4b8,Blue Triangles,6000,product-1,2024-04-10,2024-04-24,Vehicle 10,Houston Facility,"29.847678,-95.584652",Chicago Facility,"41.893911,-87.735365",Product Shipment 10-1
298d6e0c-0135-4eff-b1e7-47eb4459f472-1,Shipment 11,298d6e0c-0135-4eff-b1e7-47eb4459f472,Blue Triangles,9000,product-1,2024-04-10,2024-04-24,Vehicle 11,New York Facility,"40.729498,-73.707367",Chicago Facility,"41.893911,-87.735365",Product Shipment 11-1
3332d117-2f03-45f6-a0bf-9dc0caf5f4b3-1,Shipment 12,3332d117-2f03-45f6-a0bf-9dc0caf5f4b3,Blue Triangles,3000,product-1,2024-04-09,2024-04-24,Vehicle 12,Houston Facility,"29.847678,-95.584652",Chicago Facility,"41.893911,-87.735365",Product Shipment 12-1
3697d32e-79a5-4a3a-bb1e-c8e6c2041f52-2,Shipment 13,3697d32e-79a5-4a3a-bb1e-c8e6c2041f52,Red Squares,2000,product-2,2024-04-08,2024-04-24,Vehicle 13,Houston Facility,"29.847678,-95.584652",Chicago Facility,"41.893911,-87.735365",Product Shipment 13-2
3697d32e-79a5-4a3a-bb1e-c8e6c2041f52-1,Shipment 13,3697d32e-79a5-4a3a-bb1e-c8e6c2041f52,Blue Triangles,4000,product-1,2024-04-08,2024-04-24,Vehicle 13,Houston Facility,"29.847678,-95.584652",Chicago Facility,"41.893911,-87.735365",Product Shipment 13-1
3a4b7c0f-8ebd-4ece-b9d8-de0448f521b6-2,Shipment 14,3a4b7c0f-8ebd-4ece-b9d8-de0448f521b6,Red Squares,2000,product-2,2024-04-09,2024-04-20,Vehicle 14,Houston Facility,"29.847678,-95.584652",New York Facility,"40.729498,-73.707367",Product Shipment 14-2
3a4b7c0f-8ebd-4ece-b9d8-de0448f521b6-1,Shipment 14,3a4b7c0f-8ebd-4ece-b9d8-de0448f521b6,Blue Triangles,8000,product-1,2024-04-09,2024-04-20,Vehicle 14,Houston Facility,"29.847678,-95.584652",New York Facility,"40.729498,-73.707367",Product Shipment 14-1
3d760587-aaad-44fe-8633-6de29590adb3-1,Shipment 15,3d760587-aaad-44fe-8633-6de29590adb3,Blue Triangles,7000,product-1,2024-04-09,2024-04-24,Vehicle 15,St. Louis Facility,"38.684780,-90.216816",Chicago Facility,"41.893911,-87.735365",Product Shipment 15-1
3eb6b189-e095-4421-b31a-6dd8e9891ba5-1,Shipment 16,3eb6b189-e095-4421-b31a-6dd8e9891ba5,Blue Triangles,4000,product-1,2024-04-08,2024-04-20,Vehicle 16,Houston Facility,"29.847678,-95.584652",Chicago Facility,"41.893911,-87.735365",Product Shipment 16-1
43ccb6fb-6fca-46d9-aabb-e798a74e4961-2,Shipment 17,43ccb6fb-6fca-46d9-aabb-e798a74e4961,Red Squares,2000,product-2,2024-04-08,2024-04-24,Vehicle 17,Houston Facility,"29.847678,-95.584652",Chicago Facility,"41.893911,-87.735365",Product Shipment 17-2
43ccb6fb-6fca-46d9-aabb-e798a74e4961-1,Shipment 17,43ccb6fb-6fca-46d9-aabb-e798a74e4961,Blue Triangles,2000,product-1,2024-04-08,2024-04-24,Vehicle 17,Houston Facility,"29.847678,-95.584652",Chicago Facility,"41.893911,-87.735365",Product Shipment 17-1
45ac015a-92fd-45ee-a0f3-bceb9bb00e11-3,Shipment 18,45ac015a-92fd-45ee-a0f3-bceb9bb00e11,Yellow Circles,8000,product-3,2024-04-10,2024-04-26,Vehicle 18,Chicago Facility,"41.893911,-87.735365",St. Louis Facility,"38.684780,-90.216816",Product Shipment 18-3
45ac015a-92fd-45ee-a0f3-bceb9bb00e11-2,Shipment 18,45ac015a-92fd-45ee-a0f3-bceb9bb00e11,Red Squares,6000,product-2,2024-04-10,2024-04-26,Vehicle 18,Chicago Facility,"41.893911,-87.735365",St. Louis Facility,"38.684780,-90.216816",Product Shipment 18-2
45ac015a-92fd-45ee-a0f3-bceb9bb00e11-1,Shipment 18,45ac015a-92fd-45ee-a0f3-bceb9bb00e11,Blue Triangles,3000,product-1,2024-04-10,2024-04-26,Vehicle 18,Chicago Facility,"41.893911,-87.735365",St. Louis Facility,"38.684780,-90.216816",Product Shipment 18-1
45da843c-ab60-4c71-9a1e-024478dd1b0d-1,Shipment 19,45da843c-ab60-4c71-9a1e-024478dd1b0d,Blue Triangles,2000,product-1,2024-04-09,2024-04-20,Vehicle 19,Houston Facility,"29.847678,-95.584652",St. Louis Facility,"38.684780,-90.216816",Product Shipment 19-1
46516c7a-33e5-4b2a-a37a-70bdc085823d-2,Shipment 20,46516c7a-33e5-4b2a-a37a-70bdc085823d,Red Squares,10000,product-2,2024-04-09,2024-04-25,Vehicle 20,St. Louis Facility,"38.684780,-90.216816",Houston Facility,"29.847678,-95.584652",Product Shipment 20-2
46516c7a-33e5-4b2a-a37a-70bdc085823d-1,Shipment 20,46516c7a-33e5-4b2a-a37a-70bdc085823d,Blue Triangles,5000,product-1,2024-04-09,2024-04-25,Vehicle 20,St. Louis Facility,"38.684780,-90.216816",Houston Facility,"29.847678,-95.584652",Product Shipment 20-1
486d8184-2486-4349-bdc9-9040904d04d3-1,Shipment 21,486d8184-2486-4349-bdc9-9040904d04d3,Blue Triangles,6000,product-1,2024-04-10,2024-04-24,Vehicle 21,St. Louis Facility,"38.684780,-90.216816",Chicago Facility,"41.893911,-87.735365",Product Shipment 21-1
4875fac9-3a3a-40b1-b36c-ec26a35886f8-1,Shipment 22,4875fac9-3a3a-40b1-b36c-ec26a35886f8,Blue Triangles,1000,product-1,2024-04-09,2024-04-29,Vehicle 22,Chicago Facility,"41.893911,-87.735365",New York Facility,"40.729498,-73.707367",Product Shipment 22-1
48f8d65e-9e5c-4cdd-b814-9a183b20e157-2,Shipment 23,48f8d65e-9e5c-4cdd-b814-9a183b20e157,Red Squares,5000,product-2,2024-04-09,2024-04-21,Vehicle 23,St. Louis Facility,"38.684780,-90.216816",Chicago Facility,"41.893911,-87.735365",Product Shipment 23-2
48f8d65e-9e5c-4cdd-b814-9a183b20e157-1,Shipment 23,48f8d65e-9e5c-4cdd-b814-9a183b20e157,Blue Triangles,3000,product-1,2024-04-09,2024-04-21,Vehicle 23,St. Louis Facility,"38.684780,-90.216816",Chicago Facility,"41.893911,-87.735365",Product Shipment 23-1
4948f486-2041-43cf-9da6-d651bed11776-3,Shipment 24,4948f486-2041-43cf-9da6-d651bed11776,Yellow Circles,10000,product-3,2024-04-09,2024-04-22,Vehicle 24,St. Louis Facility,"38.684780,-90.216816",Houston Facility,"29.847678,-95.584652",Product Shipment 24-3
4948f486-2041-43cf-9da6-d651bed11776-2,Shipment 24,4948f486-2041-43cf-9da6-d651bed11776,Red Squares,4000,product-2,2024-04-09,2024-04-22,Vehicle 24,St. Louis Facility,"38.684780,-90.216816",Houston Facility,"29.847678,-95.584652",Product Shipment 24-2
4948f486-2041-43cf-9da6-d651bed11776-1,Shipment 24,4948f486-2041-43cf-9da6-d651bed11776,Blue Triangles,9000,product-1,2024-04-09,2024-04-22,Vehicle 24,St. Louis Facility,"38.684780,-90.216816",Houston Facility,"29.847678,-95.584652",Product Shipment 24-1
4e1f7112-6e1b-4b30-a3f8-4b4dd0ff14b4-3,Shipment 25,4e1f7112-6e1b-4b30-a3f8-4b4dd0ff14b4,Yellow Circles,6000,product-3,2024-04-10,2024-04-24,Vehicle 25,St. Louis Facility,"38.684780,-90.216816",New York Facility,"40.729498,-73.707367",Product Shipment 25-3
4e1f7112-6e1b-4b30-a3f8-4b4dd0ff14b4-2,Shipment 25,4e1f7112-6e1b-4b30-a3f8-4b4dd0ff14b4,Red Squares,9000,product-2,2024-04-10,2024-04-24,Vehicle 25,St. Louis Facility,"38.684780,-90.216816",New York Facility,"40.729498,-73.707367",Product Shipment 25-2
4e1f7112-6e1b-4b30-a3f8-4b4dd0ff14b4-1,Shipment 25,4e1f7112-6e1b-4b30-a3f8-4b4dd0ff14b4,Blue Triangles,9000,product-1,2024-04-10,2024-04-24,Vehicle 25,St. Louis Facility,"38.684780,-90.216816",New York Facility,"40.729498,-73.707367",Product Shipment 25-1
520ab753-6f6c-435e-824e-99a88035fe8f-2,Shipment 26,520ab753-6f6c-435e-824e-99a88035fe8f,Red Squares,9000,product-2,2024-04-10,2024-04-22,Vehicle 26,Chicago Facility,"41.893911,-87.735365",Houston Facility,"29.847678,-95.584652",Product Shipment 26-2
520ab753-6f6c-435e-824e-99a88035fe8f-1,Shipment 26,520ab753-6f6c-435e-824e-99a88035fe8f,Blue Triangles,3000,product-1,2024-04-10,2024-04-22,Vehicle 26,Chicago Facility,"41.893911,-87.735365",Houston Facility,"29.847678,-95.584652",Product Shipment 26-1
538c35bd-6a94-451e-8985-6ff1cee9452c-1,Shipment 27,538c35bd-6a94-451e-8985-6ff1cee9452c,Blue Triangles,8000,product-1,2024-04-09,2024-04-24,Vehicle 27,Houston Facility,"29.847678,-95.584652",New York Facility,"40.729498,-73.707367",Product Shipment 27-1
5c4010c8-1467-4e50-9390-fe66facf82dc-3,Shipment 28,5c4010c8-1467-4e50-9390-fe66facf82dc,Yellow Circles,7000,product-3,2024-04-09,2024-04-23,Vehicle 28,New York Facility,"40.729498,-73.707367",St. Louis Facility,"38.684780,-90.216816",Product Shipment 28-3
5c4010c8-1467-4e50-9390-fe66facf82dc-2,Shipment 28,5c4010c8-1467-4e50-9390-fe66facf82dc,Red Squares,4000,product-2,2024-04-09,2024-04-23,Vehicle 28,New York Facility,"40.729498,-73.707367",St. Louis Facility,"38.684780,-90.216816",Product Shipment 28-2
5c4010c8-1467-4e50-9390-fe66facf82dc-1,Shipment 28,5c4010c8-1467-4e50-9390-fe66facf82dc,Blue Triangles,6000,product-1,2024-04-09,2024-04-23,Vehicle 28,New York Facility,"40.729498,-73.707367",St. Louis Facility,"38.684780,-90.216816",Product Shipment 28-1
5d170f5a-0300-45d4-93a3-c8ac7a8a87a6-1,Shipment 29,5d170f5a-0300-45d4-93a3-c8ac7a8a87a6,Blue Triangles,7000,product-1,2024-04-09,2024-04-21,Vehicle 29,Chicago Facility,"41.893911,-87.735365",New York Facility,"40.729498,-73.707367",Product Shipment 29-1
5d3b7d94-46c7-4bd0-968c-88c66c607b3b-3,Shipment 30,5d3b7d94-46c7-4bd0-968c-88c66c607b3b,Yellow Circles,8000,product-3,2024-04-10,2024-04-29,Vehicle 30,New York Facility,"40.729498,-73.707367",Houston Facility,"29.847678,-95.584652",Product Shipment 30-3
5d3b7d94-46c7-4bd0-968c-88c66c607b3b-2,Shipment 30,5d3b7d94-46c7-4bd0-968c-88c66c607b3b,Red Squares,2000,product-2,2024-04-10,2024-04-29,Vehicle 30,New York Facility,"40.729498,-73.707367",Houston Facility,"29.847678,-95.584652",Product Shipment 30-2
5d3b7d94-46c7-4bd0-968c-88c66c607b3b-1,Shipment 30,5d3b7d94-46c7-4bd0-968c-88c66c607b3b,Blue Triangles,8000,product-1,2024-04-10,2024-04-29,Vehicle 30,New York Facility,"40.729498,-73.707367",Houston Facility,"29.847678,-95.584652",Product Shipment 30-1
5d4e0571-e718-4da8-9d99-e9face7dd172-2,Shipment 31,5d4e0571-e718-4da8-9d99-e9face7dd172,Red Squares,4000,product-2,2024-04-10,2024-04-24,Vehicle 31,St. Louis Facility,"38.684780,-90.216816",New York Facility,"40.729498,-73.707367",Product Shipment 31-2
5d4e0571-e718-4da8-9d99-e9face7dd172-1,Shipment 31,5d4e0571-e718-4da8-9d99-e9face7dd172,Blue Triangles,4000,product-1,2024-04-10,2024-04-24,Vehicle 31,St. Louis Facility,"38.684780,-90.216816",New York Facility,"40.729498,-73.707367",Product Shipment 31-1
5e637986-6039-41c7-89dc-d63f31954a75-3,Shipment 32,5e637986-6039-41c7-89dc-d63f31954a75,Yellow Circles,3000,product-3,2024-04-09,2024-04-23,Vehicle 32,St. Louis Facility,"38.684780,-90.216816",Chicago Facility,"41.893911,-87.735365",Product Shipment 32-3
5e637986-6039-41c7-89dc-d63f31954a75-2,Shipment 32,5e637986-6039-41c7-89dc-d63f31954a75,Red Squares,6000,product-2,2024-04-09,2024-04-23,Vehicle 32,St. Louis Facility,"38.684780,-90.216816",Chicago Facility,"41.893911,-87.735365",Product Shipment 32-2
5e637986-6039-41c7-89dc-d63f31954a75-1,Shipment 32,5e637986-6039-41c7-89dc-d63f31954a75,Blue Triangles,6000,product-1,2024-04-09,2024-04-23,Vehicle 32,St. Louis Facility,"38.684780,-90.216816",Chicago Facility,"41.893911,-87.735365",Product Shipment 32-1
5f41c821-bbb3-4bab-9812-28b7345b3143-3,Shipment 33,5f41c821-bbb3-4bab-9812-28b7345b3143,Yellow Circles,1000,product-3,2024-04-08,2024-04-25,Vehicle 33,St. Louis Facility,"38.684780,-90.216816",New York Facility,"40.729498,-73.707367",Product Shipment 33-3
5f41c821-bbb3-4bab-9812-28b7345b3143-2,Shipment 33,5f41c821-bbb3-4bab-9812-28b7345b3143,Red Squares,9000,product-2,2024-04-08,2024-04-25,Vehicle 33,St. Louis Facility,"38.684780,-90.216816",New York Facility,"40.729498,-73.707367",Product Shipment 33-2
5f41c821-bbb3-4bab-9812-28b7345b3143-1,Shipment 33,5f41c821-bbb3-4bab-9812-28b7345b3143,Blue Triangles,6000,product-1,2024-04-08,2024-04-25,Vehicle 33,St. Louis Facility,"38.684780,-90.216816",New York Facility,"40.729498,-73.707367",Product Shipment 33-1
628d88ac-40e2-47d1-8515-94066ba8ebc8-1,Shipment 34,628d88ac-40e2-47d1-8515-94066ba8ebc8,Blue Triangles,5000,product-1,2024-04-08,2024-04-21,Vehicle 34,New York Facility,"40.729498,-73.707367",Chicago Facility,"41.893911,-87.735365",Product Shipment 34-1
69d6e139-ecac-4c7a-9e64-815696c7b351-3,Shipment 35,69d6e139-ecac-4c7a-9e64-815696c7b351,Yellow Circles,5000,product-3,2024-04-09,2024-04-24,Vehicle 35,Houston Facility,"29.847678,-95.584652",New York Facility,"40.729498,-73.707367",Product Shipment 35-3
69d6e139-ecac-4c7a-9e64-815696c7b351-2,Shipment 35,69d6e139-ecac-4c7a-9e64-815696c7b351,Red Squares,9000,product-2,2024-04-09,2024-04-24,Vehicle 35,Houston Facility,"29.847678,-95.584652",New York Facility,"40.729498,-73.707367",Product Shipment 35-2
69d6e139-ecac-4c7a-9e64-815696c7b351-1,Shipment 35,69d6e139-ecac-4c7a-9e64-815696c7b351,Blue Triangles,5000,product-1,2024-04-09,2024-04-24,Vehicle 35,Houston Facility,"29.847678,-95.584652",New York Facility,"40.729498,-73.707367",Product Shipment 35-1
6a663c1f-302a-420e-8ad0-f49ce2c97a40-2,Shipment 36,6a663c1f-302a-420e-8ad0-f49ce2c97a40,Red Squares,3000,product-2,2024-04-08,2024-04-22,Vehicle 36,Chicago Facility,"41.893911,-87.735365",Houston Facility,"29.847678,-95.584652",Product Shipment 36-2
6a663c1f-302a-420e-8ad0-f49ce2c97a40-1,Shipment 36,6a663c1f-302a-420e-8ad0-f49ce2c97a40,Blue Triangles,10000,product-1,2024-04-08,2024-04-22,Vehicle 36,Chicago Facility,"41.893911,-87.735365",Houston Facility,"29.847678,-95.584652",Product Shipment 36-1
70d877b8-19ed-4318-8e4c-2d57e6db4761-3,Shipment 37,70d877b8-19ed-4318-8e4c-2d57e6db4761,Yellow Circles,7000,product-3,2024-04-08,2024-04-28,Vehicle 37,Chicago Facility,"41.893911,-87.735365",Houston Facility,"29.847678,-95.584652",Product Shipment 37-3
70d877b8-19ed-4318-8e4c-2d57e6db4761-2,Shipment 37,70d877b8-19ed-4318-8e4c-2d57e6db4761,Red Squares,10000,product-2,2024-04-08,2024-04-28,Vehicle 37,Chicago Facility,"41.893911,-87.735365",Houston Facility,"29.847678,-95.584652",Product Shipment 37-2
70d877b8-19ed-4318-8e4c-2d57e6db4761-1,Shipment 37,70d877b8-19ed-4318-8e4c-2d57e6db4761,Blue Triangles,5000,product-1,2024-04-08,2024-04-28,Vehicle 37,Chicago Facility,"41.893911,-87.735365",Houston Facility,"29.847678,-95.584652",Product Shipment 37-1
759eadfc-8414-48e0-87c6-b8ba305a9a89-1,Shipment 38,759eadfc-8414-48e0-87c6-b8ba305a9a89,Blue Triangles,10000,product-1,2024-04-09,2024-04-25,Vehicle 38,St. Louis Facility,"38.684780,-90.216816",New York Facility,"40.729498,-73.707367",Product Shipment 38-1
80fe0ecb-55af-46c2-b923-516a8a20399d-3,Shipment 39,80fe0ecb-55af-46c2-b923-516a8a20399d,Yellow Circles,9000,product-3,2024-04-08,2024-04-27,Vehicle 39,Houston Facility,"29.847678,-95.584652",New York Facility,"40.729498,-73.707367",Product Shipment 39-3
80fe0ecb-55af-46c2-b923-516a8a20399d-2,Shipment 39,80fe0ecb-55af-46c2-b923-516a8a20399d,Red Squares,4000,product-2,2024-04-08,2024-04-27,Vehicle 39,Houston Facility,"29.847678,-95.584652",New York Facility,"40.729498,-73.707367",Product Shipment 39-2
80fe0ecb-55af-46c2-b923-516a8a20399d-1,Shipment 39,80fe0ecb-55af-46c2-b923-516a8a20399d,Blue Triangles,2000,product-1,2024-04-08,2024-04-27,Vehicle 39,Houston Facility,"29.847678,-95.584652",New York Facility,"40.729498,-73.707367",Product Shipment 39-1
81a4472a-ba53-448b-b52c-c120de69f9fd-3,Shipment 40,81a4472a-ba53-448b-b52c-c120de69f9fd,Yellow Circles,5000,product-3,2024-04-10,2024-04-21,Vehicle 40,St. Louis Facility,"38.684780,-90.216816",New York Facility,"40.729498,-73.707367",Product Shipment 40-3
81a4472a-ba53-448b-b52c-c120de69f9fd-2,Shipment 40,81a4472a-ba53-448b-b52c-c120de69f9fd,Red Squares,5000,product-2,2024-04-10,2024-04-21,Vehicle 40,St. Louis Facility,"38.684780,-90.216816",New York Facility,"40.729498,-73.707367",Product Shipment 40-2
81a4472a-ba53-448b-b52c-c120de69f9fd-1,Shipment 40,81a4472a-ba53-448b-b52c-c120de69f9fd,Blue Triangles,9000,product-1,2024-04-10,2024-04-21,Vehicle 40,St. Louis Facility,"38.684780,-90.216816",New York Facility,"40.729498,-73.707367",Product Shipment 40-1
824041c7-6d97-43cd-b7c7-e85d6bc799f3-3,Shipment 41,824041c7-6d97-43cd-b7c7-e85d6bc799f3,Yellow Circles,2000,product-3,2024-04-09,2024-04-21,Vehicle 41,St. Louis Facility,"38.684780,-90.216816",New York Facility,"40.729498,-73.707367",Product Shipment 41-3
824041c7-6d97-43cd-b7c7-e85d6bc799f3-2,Shipment 41,824041c7-6d97-43cd-b7c7-e85d6bc799f3,Red Squares,6000,product-2,2024-04-09,2024-04-21,Vehicle 41,St. Louis Facility,"38.684780,-90.216816",New York Facility,"40.729498,-73.707367",Product Shipment 41-2
824041c7-6d97-43cd-b7c7-e85d6bc799f3-1,Shipment 41,824041c7-6d97-43cd-b7c7-e85d6bc799f3,Blue Triangles,9000,product-1,2024-04-09,2024-04-21,Vehicle 41,St. Louis Facility,"38.684780,-90.216816",New York Facility,"40.729498,-73.707367",Product Shipment 41-1
847a1c38-a41c-47e0-b8c0-78c9a761a0e3-3,Shipment 42,847a1c38-a41c-47e0-b8c0-78c9a761a0e3,Yellow Circles,9000,product-3,2024-04-10,2024-04-26,Vehicle 42,St. Louis Facility,"38.684780,-90.216816",Houston Facility,"29.847678,-95.584652",Product Shipment 42-3
847a1c38-a41c-47e0-b8c0-78c9a761a0e3-2,Shipment 42,847a1c38-a41c-47e0-b8c0-78c9a761a0e3,Red Squares,9000,product-2,2024-04-10,2024-04-26,Vehicle 42,St. Louis Facility,"38.684780,-90.216816",Houston Facility,"29.847678,-95.584652",Product Shipment 42-2
847a1c38-a41c-47e0-b8c0-78c9a761a0e3-1,Shipment 42,847a1c38-a41c-47e0-b8c0-78c9a761a0e3,Blue Triangles,8000,product-1,2024-04-10,2024-04-26,Vehicle 42,St. Louis Facility,"38.684780,-90.216816",Houston Facility,"29.847678,-95.584652",Product Shipment 42-1
84c23502-0c17-459b-ab7d-7cac805a5a0b-1,Shipment 43,84c23502-0c17-459b-ab7d-7cac805a5a0b,Blue Triangles,9000,product-1,2024-04-09,2024-04-23,Vehicle 43,St. Louis Facility,"38.684780,-90.216816",Chicago Facility,"41.893911,-87.735365",Product Shipment 43-1
87057664-f831-4bc3-9734-67b0d56cc376-2,Shipment 44,87057664-f831-4bc3-9734-67b0d56cc376,Red Squares,4000,product-2,2024-04-10,2024-04-28,Vehicle 44,Houston Facility,"29.847678,-95.584652",Chicago Facility,"41.893911,-87.735365",Product Shipment 44-2
87057664-f831-4bc3-9734-67b0d56cc376-1,Shipment 44,87057664-f831-4bc3-9734-67b0d56cc376,Blue Triangles,5000,product-1,2024-04-10,2024-04-28,Vehicle 44,Houston Facility,"29.847678,-95.584652",Chicago Facility,"41.893911,-87.735365",Product Shipment 44-1
8858111f-1e40-487a-94d3-ee1ee0c84496-1,Shipment 45,8858111f-1e40-487a-94d3-ee1ee0c84496,Blue Triangles,4000,product-1,2024-04-11,2024-04-19,Vehicle 45,St. Louis Facility,"38.684780,-90.216816",New York Facility,"40.729498,-73.707367",Product Shipment 45-1
8aacd58a-799c-4ab6-b895-9828498fcbd2-1,Shipment 46,8aacd58a-799c-4ab6-b895-9828498fcbd2,Blue Triangles,2000,product-1,2024-04-09,2024-04-26,Vehicle 46,Chicago Facility,"41.893911,-87.735365",St. Louis Facility,"38.684780,-90.216816",Product Shipment 46-1
8c0fd2ca-d2d7-4cd2-8a92-fdcb7b0f25ba-1,Shipment 47,8c0fd2ca-d2d7-4cd2-8a92-fdcb7b0f25ba,Blue Triangles,1000,product-1,2024-04-10,2024-04-26,Vehicle 47,Chicago Facility,"41.893911,-87.735365",New York Facility,"40.729498,-73.707367",Product Shipment 47-1
8d1a6472-b440-4794-a372-025c0c268225-3,Shipment 48,8d1a6472-b440-4794-a372-025c0c268225,Yellow Circles,1000,product-3,2024-04-10,2024-04-17,Vehicle 48,Chicago Facility,"41.893911,-87.735365",New York Facility,"40.729498,-73.707367",Product Shipment 48-3
8d1a6472-b440-4794-a372-025c0c268225-2,Shipment 48,8d1a6472-b440-4794-a372-025c0c268225,Red Squares,9000,product-2,2024-04-10,2024-04-17,Vehicle 48,Chicago Facility,"41.893911,-87.735365",New York Facility,"40.729498,-73.707367",Product Shipment 48-2
8d1a6472-b440-4794-a372-025c0c268225-1,Shipment 48,8d1a6472-b440-4794-a372-025c0c268225,Blue Triangles,1000,product-1,2024-04-10,2024-04-17,Vehicle 48,Chicago Facility,"41.893911,-87.735365",New York Facility,"40.729498,-73.707367",Product Shipment 48-1
8e00ee3b-908a-440e-9bfa-f6da6122ef92-3,Shipment 49,8e00ee3b-908a-440e-9bfa-f6da6122ef92,Yellow Circles,10000,product-3,2024-04-10,2024-04-24,Vehicle 49,St. Louis Facility,"38.684780,-90.216816",New York Facility,"40.729498,-73.707367",Product Shipment 49-3
8e00ee3b-908a-440e-9bfa-f6da6122ef92-2,Shipment 49,8e00ee3b-908a-440e-9bfa-f6da6122ef92,Red Squares,9000,product-2,2024-04-10,2024-04-24,Vehicle 49,St. Louis Facility,"38.684780,-90.216816",New York Facility,"40.729498,-73.707367",Product Shipment 49-2
8e00ee3b-908a-440e-9bfa-f6da6122ef92-1,Shipment 49,8e00ee3b-908a-440e-9bfa-f6da6122ef92,Blue Triangles,1000,product-1,2024-04-10,2024-04-24,Vehicle 49,St. Louis Facility,"38.684780,-90.216816",New York Facility,"40.729498,-73.707367",Product Shipment 49-1
8ef1efc2-54b3-492e-81f6-b21eb4254b65-1,Shipment 50,8ef1efc2-54b3-492e-81f6-b21eb4254b65,Blue Triangles,3000,product-1,2024-04-08,2024-04-17,Vehicle 50,Houston Facility,"29.847678,-95.584652",Chicago Facility,"41.893911,-87.735365",Product Shipment 50-1
904b8746-6aab-4742-838c-f39fd47f61a0-2,Shipment 51,904b8746-6aab-4742-838c-f39fd47f61a0,Red Squares,4000,product-2,2024-04-07,2024-04-21,Vehicle 51,Houston Facility,"29.847678,-95.584652",Chicago Facility,"41.893911,-87.735365",Product Shipment 51-2
904b8746-6aab-4742-838c-f39fd47f61a0-1,Shipment 51,904b8746-6aab-4742-838c-f39fd47f61a0,Blue Triangles,3000,product-1,2024-04-07,2024-04-21,Vehicle 51,Houston Facility,"29.847678,-95.584652",Chicago Facility,"41.893911,-87.735365",Product Shipment 51-1
9969ac6a-38c2-4712-8304-742273c56f14-2,Shipment 52,9969ac6a-38c2-4712-8304-742273c56f14,Red Squares,1000,product-2,2024-04-10,2024-04-19,Vehicle 52,Houston Facility,"29.847678,-95.584652",New York Facility,"40.729498,-73.707367",Product Shipment 52-2
9969ac6a-38c2-4712-8304-742273c56f14-1,Shipment 52,9969ac6a-38c2-4712-8304-742273c56f14,Blue Triangles,8000,product-1,2024-04-10,2024-04-19,Vehicle 52,Houston Facility,"29.847678,-95.584652",New York Facility,"40.729498,-73.707367",Product Shipment 52-1
9b42e1ae-d67b-4de7-9129-b46b8d51f11c-3,Shipment 53,9b42e1ae-d67b-4de7-9129-b46b8d51f11c,Yellow Circles,4000,product-3,2024-04-09,2024-04-27,Vehicle 53,St. Louis Facility,"38.684780,-90.216816",New York Facility,"40.729498,-73.707367",Product Shipment 53-3
9b42e1ae-d67b-4de7-9129-b46b8d51f11c-2,Shipment 53,9b42e1ae-d67b-4de7-9129-b46b8d51f11c,Red Squares,7000,product-2,2024-04-09,2024-04-27,Vehicle 53,St. Louis Facility,"38.684780,-90.216816",New York Facility,"40.729498,-73.707367",Product Shipment 53-2
9b42e1ae-d67b-4de7-9129-b46b8d51f11c-1,Shipment 53,9b42e1ae-d67b-4de7-9129-b46b8d51f11c,Blue Triangles,1000,product-1,2024-04-09,2024-04-27,Vehicle 53,St. Louis Facility,"38.684780,-90.216816",New York Facility,"40.729498,-73.707367",Product Shipment 53-1
9c0b0c4a-f7c7-4f67-930f-23894cd0a422-3,Shipment 54,9c0b0c4a-f7c7-4f67-930f-23894cd0a422,Yellow Circles,2000,product-3,2024-04-08,2024-04-19,Vehicle 54,St. Louis Facility,"38.684780,-90.216816",Houston Facility,"29.847678,-95.584652",Product Shipment 54-3
9c0b0c4a-f7c7-4f67-930f-23894cd0a422-2,Shipment 54,9c0b0c4a-f7c7-4f67-930f-23894cd0a422,Red Squares,6000,product-2,2024-04-08,2024-04-19,Vehicle 54,St. Louis Facility,"38.684780,-90.216816",Houston Facility,"29.847678,-95.584652",Product Shipment 54-2
9c0b0c4a-f7c7-4f67-930f-23894cd0a422-1,Shipment 54,9c0b0c4a-f7c7-4f67-930f-23894cd0a422,Blue Triangles,2000,product-1,2024-04-08,2024-04-19,Vehicle 54,St. Louis Facility,"38.684780,-90.216816",Houston Facility,"29.847678,-95.584652",Product Shipment 54-1
9fe3811a-2052-4aff-9fb2-1f0f35938b49-3,Shipment 55,9fe3811a-2052-4aff-9fb2-1f0f35938b49,Yellow Circles,10000,product-3,2024-04-10,2024-04-22,Vehicle 55,Chicago Facility,"41.893911,-87.735365",New York Facility,"40.729498,-73.707367",Product Shipment 55-3
9fe3811a-2052-4aff-9fb2-1f0f35938b49-2,Shipment 55,9fe3811a-2052-4aff-9fb2-1f0f35938b49,Red Squares,3000,product-2,2024-04-10,2024-04-22,Vehicle 55,Chicago Facility,"41.893911,-87.735365",New York Facility,"40.729498,-73.707367",Product Shipment 55-2
9fe3811a-2052-4aff-9fb2-1f0f35938b49-1,Shipment 55,9fe3811a-2052-4aff-9fb2-1f0f35938b49,Blue Triangles,2000,product-1,2024-04-10,2024-04-22,Vehicle 55,Chicago Facility,"41.893911,-87.735365",New York Facility,"40.729498,-73.707367",Product Shipment 55-1
a021a0f8-1447-4c53-812e-0d019237f66e-2,Shipment 56,a021a0f8-1447-4c53-812e-0d019237f66e,Red Squares,2000,product-2,2024-04-10,2024-04-25,Vehicle 56,St. Louis Facility,"38.684780,-90.216816",Houston Facility,"29.847678,-95.584652",Product Shipment 56-2
a021a0f8-1447-4c53-812e-0d019237f66e-1,Shipment 56,a021a0f8-1447-4c53-812e-0d019237f66e,Blue Triangles,3000,product-1,2024-04-10,2024-04-25,Vehicle 56,St. Louis Facility,"38.684780,-90.216816",Houston Facility,"29.847678,-95.584652",Product Shipment 56-1
a03442df-29e5-44fc-ad8a-07553c198499-2,Shipment 57,a03442df-29e5-44fc-ad8a-07553c198499,Red Squares,6000,product-2,2024-04-09,2024-04-21,Vehicle 57,St. Louis Facility,"38.684780,-90.216816",New York Facility,"40.729498,-73.707367",Product Shipment 57-2
a03442df-29e5-44fc-ad8a-07553c198499-1,Shipment 57,a03442df-29e5-44fc-ad8a-07553c198499,Blue Triangles,10000,product-1,2024-04-09,2024-04-21,Vehicle 57,St. Louis Facility,"38.684780,-90.216816",New York Facility,"40.729498,-73.707367",Product Shipment 57-1
a2c38fc9-0646-4f4d-ad6f-41964dd231a1-3,Shipment 58,a2c38fc9-0646-4f4d-ad6f-41964dd231a1,Yellow Circles,9000,product-3,2024-04-08,2024-04-23,Vehicle 58,Houston Facility,"29.847678,-95.584652",New York Facility,"40.729498,-73.707367",Product Shipment 58-3
a2c38fc9-0646-4f4d-ad6f-41964dd231a1-2,Shipment 58,a2c38fc9-0646-4f4d-ad6f-41964dd231a1,Red Squares,8000,product-2,2024-04-08,2024-04-23,Vehicle 58,Houston Facility,"29.847678,-95.584652",New York Facility,"40.729498,-73.707367",Product Shipment 58-2
a2c38fc9-0646-4f4d-ad6f-41964dd231a1-1,Shipment 58,a2c38fc9-0646-4f4d-ad6f-41964dd231a1,Blue Triangles,3000,product-1,2024-04-08,2024-04-23,Vehicle 58,Houston Facility,"29.847678,-95.584652",New York Facility,"40.729498,-73.707367",Product Shipment 58-1
a81da412-ddf9-40ea-9755-1d560768ce03-3,Shipment 59,a81da412-ddf9-40ea-9755-1d560768ce03,Yellow Circles,10000,product-3,2024-04-08,2024-04-24,Vehicle 59,St. Louis Facility,"38.684780,-90.216816",New York Facility,"40.729498,-73.707367",Product Shipment 59-3
a81da412-ddf9-40ea-9755-1d560768ce03-2,Shipment 59,a81da412-ddf9-40ea-9755-1d560768ce03,Red Squares,7000,product-2,2024-04-08,2024-04-24,Vehicle 59,St. Louis Facility,"38.684780,-90.216816",New York Facility,"40.729498,-73.707367",Product Shipment 59-2
a81da412-ddf9-40ea-9755-1d560768ce03-1,Shipment 59,a81da412-ddf9-40ea-9755-1d560768ce03,Blue Triangles,8000,product-1,2024-04-08,2024-04-24,Vehicle 59,St. Louis Facility,"38.684780,-90.216816",New York Facility,"40.729498,-73.707367",Product Shipment 59-1
b4b222b3-cca6-490f-922c-cdf493c7de64-1,Shipment 60,b4b222b3-cca6-490f-922c-cdf493c7de64,Blue Triangles,1000,product-1,2024-04-08,2024-04-23,Vehicle 60,Houston Facility,"29.847678,-95.584652",New York Facility,"40.729498,-73.707367",Product Shipment 60-1
b55d6037-0ffb-4cc6-a749-c0d0ccd65c09-1,Shipment 61,b55d6037-0ffb-4cc6-a749-c0d0ccd65c09,Blue Triangles,5000,product-1,2024-04-09,2024-04-21,Vehicle 61,Houston Facility,"29.847678,-95.584652",New York Facility,"40.729498,-73.707367",Product Shipment 61-1
bb68551d-9f0b-43ac-a4cd-44037ca88172-1,Shipment 62,bb68551d-9f0b-43ac-a4cd-44037ca88172,Blue Triangles,1000,product-1,2024-04-09,2024-04-24,Vehicle 62,Houston Facility,"29.847678,-95.584652",Chicago Facility,"41.893911,-87.735365",Product Shipment 62-1
bcf72da0-c48e-440b-a6d7-5a0ecc415001-1,Shipment 63,bcf72da0-c48e-440b-a6d7-5a0ecc415001,Blue Triangles,2000,product-1,2024-04-08,2024-04-25,Vehicle 63,Houston Facility,"29.847678,-95.584652",New York Facility,"40.729498,-73.707367",Product Shipment 63-1
c1d77968-1b83-4139-82ec-d95a8441518e-1,Shipment 64,c1d77968-1b83-4139-82ec-d95a8441518e,Blue Triangles,9000,product-1,2024-04-09,2024-04-20,Vehicle 64,Houston Facility,"29.847678,-95.584652",New York Facility,"40.729498,-73.707367",Product Shipment 64-1
c92ece52-6e5c-4ae0-b6c8-10dace788591-2,Shipment 65,c92ece52-6e5c-4ae0-b6c8-10dace788591,Red Squares,1000,product-2,2024-04-11,2024-04-23,Vehicle 65,St. Louis Facility,"38.684780,-90.216816",New York Facility,"40.729498,-73.707367",Product Shipment 65-2
c92ece52-6e5c-4ae0-b6c8-10dace788591-1,Shipment 65,c92ece52-6e5c-4ae0-b6c8-10dace788591,Blue Triangles,4000,product-1,2024-04-11,2024-04-23,Vehicle 65,St. Louis Facility,"38.684780,-90.216816",New York Facility,"40.729498,-73.707367",Product Shipment 65-1
cb597ab3-a8f2-4a19-b5c6-71b39fad0e9b-2,Shipment 66,cb597ab3-a8f2-4a19-b5c6-71b39fad0e9b,Red Squares,2000,product-2,2024-04-09,2024-04-28,Vehicle 66,Houston Facility,"29.847678,-95.584652",St. Louis Facility,"38.684780,-90.216816",Product Shipment 66-2
cb597ab3-a8f2-4a19-b5c6-71b39fad0e9b-1,Shipment 66,cb597ab3-a8f2-4a19-b5c6-71b39fad0e9b,Blue Triangles,4000,product-1,2024-04-09,2024-04-28,Vehicle 66,Houston Facility,"29.847678,-95.584652",St. Louis Facility,"38.684780,-90.216816",Product Shipment 66-1
cbade11f-bf87-49af-9c29-5931e1238299-2,Shipment 67,cbade11f-bf87-49af-9c29-5931e1238299,Red Squares,5000,product-2,2024-04-10,2024-04-25,Vehicle 67,New York Facility,"40.729498,-73.707367",Chicago Facility,"41.893911,-87.735365",Product Shipment 67-2
cbade11f-bf87-49af-9c29-5931e1238299-1,Shipment 67,cbade11f-bf87-49af-9c29-5931e1238299,Blue Triangles,10000,product-1,2024-04-10,2024-04-25,Vehicle 67,New York Facility,"40.729498,-73.707367",Chicago Facility,"41.893911,-87.735365",Product Shipment 67-1
cc6f5644-b4f9-468d-88fa-fa0b5830b7b9-1,Shipment 68,cc6f5644-b4f9-468d-88fa-fa0b5830b7b9,Blue Triangles,3000,product-1,2024-04-10,2024-04-22,Vehicle 68,St. Louis Facility,"38.684780,-90.216816",Chicago Facility,"41.893911,-87.735365",Product Shipment 68-1
d710e6d3-7388-4c7a-8e27-ba877c9b0cfe-2,Shipment 69,d710e6d3-7388-4c7a-8e27-ba877c9b0cfe,Red Squares,10000,product-2,2024-04-08,2024-04-23,Vehicle 69,Houston Facility,"29.847678,-95.584652",New York Facility,"40.729498,-73.707367",Product Shipment 69-2
d710e6d3-7388-4c7a-8e27-ba877c9b0cfe-1,Shipment 69,d710e6d3-7388-4c7a-8e27-ba877c9b0cfe,Blue Triangles,7000,product-1,2024-04-08,2024-04-23,Vehicle 69,Houston Facility,"29.847678,-95.584652",New York Facility,"40.729498,-73.707367",Product Shipment 69-1
d9c16281-3c0b-4741-9b4c-9f02505a0436-2,Shipment 70,d9c16281-3c0b-4741-9b4c-9f02505a0436,Red Squares,4000,product-2,2024-04-08,2024-04-22,Vehicle 70,Houston Facility,"29.847678,-95.584652",Chicago Facility,"41.893911,-87.735365",Product Shipment 70-2
d9c16281-3c0b-4741-9b4c-9f02505a0436-1,Shipment 70,d9c16281-3c0b-4741-9b4c-9f02505a0436,Blue Triangles,8000,product-1,2024-04-08,2024-04-22,Vehicle 70,Houston Facility,"29.847678,-95.584652",Chicago Facility,"41.893911,-87.735365",Product Shipment 70-1
ddaee965-8f34-4ec4-94ef-daa5470d1aaa-2,Shipment 71,ddaee965-8f34-4ec4-94ef-daa5470d1aaa,Red Squares,7000,product-2,2024-04-09,2024-04-21,Vehicle 71,Houston Facility,"29.847678,-95.584652",New York Facility,"40.729498,-73.707367",Product Shipment 71-2
ddaee965-8f34-4ec4-94ef-daa5470d1aaa-1,Shipment 71,ddaee965-8f34-4ec4-94ef-daa5470d1aaa,Blue Triangles,8000,product-1,2024-04-09,2024-04-21,Vehicle 71,Houston Facility,"29.847678,-95.584652",New York Facility,"40.729498,-73.707367",Product Shipment 71-1
deb41e51-af2b-4e0c-9ac7-5151c52b3e6e-3,Shipment 72,deb41e51-af2b-4e0c-9ac7-5151c52b3e6e,Yellow Circles,8000,product-3,2024-04-09,2024-04-22,Vehicle 72,St. Louis Facility,"38.684780,-90.216816",Chicago Facility,"41.893911,-87.735365",Product Shipment 72-3
deb41e51-af2b-4e0c-9ac7-5151c52b3e6e-2,Shipment 72,deb41e51-af2b-4e0c-9ac7-5151c52b3e6e,Red Squares,4000,product-2,2024-04-09,2024-04-22,Vehicle 72,St. Louis Facility,"38.684780,-90.216816",Chicago Facility,"41.893911,-87.735365",Product Shipment 72-2
deb41e51-af2b-4e0c-9ac7-5151c52b3e6e-1,Shipment 72,deb41e51-af2b-4e0c-9ac7-5151c52b3e6e,Blue Triangles,2000,product-1,2024-04-09,2024-04-22,Vehicle 72,St. Louis Facility,"38.684780,-90.216816",Chicago Facility,"41.893911,-87.735365",Product Shipment 72-1
e59951ce-65e3-4855-b8c7-6fdeffb463de-3,Shipment 73,e59951ce-65e3-4855-b8c7-6fdeffb463de,Yellow Circles,7000,product-3,2024-04-09,2024-04-23,Vehicle 73,Houston Facility,"29.847678,-95.584652",New York Facility,"40.729498,-73.707367",Product Shipment 73-3
e59951ce-65e3-4855-b8c7-6fdeffb463de-2,Shipment 73,e59951ce-65e3-4855-b8c7-6fdeffb463de,Red Squares,2000,product-2,2024-04-09,2024-04-23,Vehicle 73,Houston Facility,"29.847678,-95.584652",New York Facility,"40.729498,-73.707367",Product Shipment 73-2
e59951ce-65e3-4855-b8c7-6fdeffb463de-1,Shipment 73,e59951ce-65e3-4855-b8c7-6fdeffb463de,Blue Triangles,7000,product-1,2024-04-09,2024-04-23,Vehicle 73,Houston Facility,"29.847678,-95.584652",New York Facility,"40.729498,-73.707367",Product Shipment 73-1
e624edda-68d8-40cd-a699-5a8cd76f8c95-2,Shipment 74,e624edda-68d8-40cd-a699-5a8cd76f8c95,Red Squares,2000,product-2,2024-04-08,2024-04-21,Vehicle 74,New York Facility,"40.729498,-73.707367",Chicago Facility,"41.893911,-87.735365",Product Shipment 74-2
e624edda-68d8-40cd-a699-5a8cd76f8c95-1,Shipment 74,e624edda-68d8-40cd-a699-5a8cd76f8c95,Blue Triangles,5000,product-1,2024-04-08,2024-04-21,Vehicle 74,New York Facility,"40.729498,-73.707367",Chicago Facility,"41.893911,-87.735365",Product Shipment 74-1
e73c5e8f-cf4a-4f0a-af1d-8ab493f46e6b-3,Shipment 75,e73c5e8f-cf4a-4f0a-af1d-8ab493f46e6b,Yellow Circles,10000,product-3,2024-04-08,2024-04-26,Vehicle 75,Chicago Facility,"41.893911,-87.735365",Houston Facility,"29.847678,-95.584652",Product Shipment 75-3
e73c5e8f-cf4a-4f0a-af1d-8ab493f46e6b-2,Shipment 75,e73c5e8f-cf4a-4f0a-af1d-8ab493f46e6b,Red Squares,8000,product-2,2024-04-08,2024-04-26,Vehicle 75,Chicago Facility,"41.893911,-87.735365",Houston Facility,"29.847678,-95.584652",Product Shipment 75-2
e73c5e8f-cf4a-4f0a-af1d-8ab493f46e6b-1,Shipment 75,e73c5e8f-cf4a-4f0a-af1d-8ab493f46e6b,Blue Triangles,2000,product-1,2024-04-08,2024-04-26,Vehicle 75,Chicago Facility,"41.893911,-87.735365",Houston Facility,"29.847678,-95.584652",Product Shipment 75-1
eaaa336a-bf81-4534-8468-6e71224f9b7f-3,Shipment 76,eaaa336a-bf81-4534-8468-6e71224f9b7f,Yellow Circles,4000,product-3,2024-04-09,2024-04-29,Vehicle 76,Chicago Facility,"41.893911,-87.735365",Houston Facility,"29.847678,-95.584652",Product Shipment 76-3
eaaa336a-bf81-4534-8468-6e71224f9b7f-2,Shipment 76,eaaa336a-bf81-4534-8468-6e71224f9b7f,Red Squares,8000,product-2,2024-04-09,2024-04-29,Vehicle 76,Chicago Facility,"41.893911,-87.735365",Houston Facility,"29.847678,-95.584652",Product Shipment 76-2
eaaa336a-bf81-4534-8468-6e71224f9b7f-1,Shipment 76,eaaa336a-bf81-4534-8468-6e71224f9b7f,Blue Triangles,5000,product-1,2024-04-09,2024-04-29,Vehicle 76,Chicago Facility,"41.893911,-87.735365",Houston Facility,"29.847678,-95.584652",Product Shipment 76-1
ecc02994-936d-48cc-84b9-7f8b74850799-1,Shipment 77,ecc02994-936d-48cc-84b9-7f8b74850799,Blue Triangles,10000,product-1,2024-04-10,2024-04-25,Vehicle 77,Chicago Facility,"41.893911,-87.735365",St. Louis Facility,"38.684780,-90.216816",Product Shipment 77-1
efa5c7c6-70ae-43b9-9627-298c467a3152-2,Shipment 78,efa5c7c6-70ae-43b9-9627-298c467a3152,Red Squares,3000,product-2,2024-04-09,2024-04-17,Vehicle 78,Houston Facility,"29.847678,-95.584652",St. Louis Facility,"38.684780,-90.216816",Product Shipment 78-2
efa5c7c6-70ae-43b9-9627-298c467a3152-1,Shipment 78,efa5c7c6-70ae-43b9-9627-298c467a3152,Blue Triangles,2000,product-1,2024-04-09,2024-04-17,Vehicle 78,Houston Facility,"29.847678,-95.584652",St. Louis Facility,"38.684780,-90.216816",Product Shipment 78-1
efb2b81c-d85c-4a42-84ce-c21c270d304d-3,Shipment 79,efb2b81c-d85c-4a42-84ce-c21c270d304d,Yellow Circles,5000,product-3,2024-04-11,2024-04-23,Vehicle 79,New York Facility,"40.729498,-73.707367",Houston Facility,"29.847678,-95.584652",Product Shipment 79-3
efb2b81c-d85c-4a42-84ce-c21c270d304d-2,Shipment 79,efb2b81c-d85c-4a42-84ce-c21c270d304d,Red Squares,4000,product-2,2024-04-11,2024-04-23,Vehicle 79,New York Facility,"40.729498,-73.707367",Houston Facility,"29.847678,-95.584652",Product Shipment 79-2
efb2b81c-d85c-4a42-84ce-c21c270d304d-1,Shipment 79,efb2b81c-d85c-4a42-84ce-c21c270d304d,Blue Triangles,7000,product-1,2024-04-11,2024-04-23,Vehicle 79,New York Facility,"40.729498,-73.707367",Houston Facility,"29.847678,-95.584652",Product Shipment 79-1
f23ea64d-d582-455b-8508-138ad8c175f3-1,Shipment 80,f23ea64d-d582-455b-8508-138ad8c175f3,Blue Triangles,9000,product-1,2024-04-08,2024-04-23,Vehicle 80,Houston Facility,"29.847678,-95.584652",Chicago Facility,"41.893911,-87.735365",Product Shipment 80-1
f2d7435f-37dc-4a92-9d00-803dcd99ff18-1,Shipment 81,f2d7435f-37dc-4a92-9d00-803dcd99ff18,Blue Triangles,10000,product-1,2024-04-09,2024-04-24,Vehicle 81,Houston Facility,"29.847678,-95.584652",New York Facility,"40.729498,-73.707367",Product Shipment 81-1
f8a4f478-8748-4fdc-82e2-4b93bb835502-2,Shipment 82,f8a4f478-8748-4fdc-82e2-4b93bb835502,Red Squares,9000,product-2,2024-04-09,2024-04-20,Vehicle 82,St. Louis Facility,"38.684780,-90.216816",Houston Facility,"29.847678,-95.584652",Product Shipment 82-2
f8a4f478-8748-4fdc-82e2-4b93bb835502-1,Shipment 82,f8a4f478-8748-4fdc-82e2-4b93bb835502,Blue Triangles,1000,product-1,2024-04-09,2024-04-20,Vehicle 82,St. Louis Facility,"38.684780,-90.216816",Houston Facility,"29.847678,-95.584652",Product Shipment 82-1
f9f4ef47-f513-4bcf-aeb2-f91edcee3b2b-1,Shipment 83,f9f4ef47-f513-4bcf-aeb2-f91edcee3b2b,Blue Triangles,7000,product-1,2024-04-08,2024-04-23,Vehicle 83,St. Louis Facility,"38.684780,-90.216816",Chicago Facility,"41.893911,-87.735365",Product Shipment 83-1
