location_id,product_id,snapshot_date,inventory_quantity,daily_demand,inbound_quantity
location-chicago,product-1,2024-03-12,15000,264,0
location-chicago,product-1,2024-03-13,14736,264,0
location-chicago,product-1,2024-03-14,14472,264,0
location-chicago,product-1,2024-03-15,14208,264,0
location-chicago,product-1,2024-03-16,13944,264,0
location-chicago,product-1,2024-03-17,13680,264,0
location-chicago,product-1,2024-03-18,13416,264,0
location-chicago,product-1,2024-03-19,13152,264,0
location-chicago,product-1,2024-03-20,12888,264,0
location-chicago,product-1,2024-03-21,12624,264,0
location-chicago,product-1,2024-03-22,12360,264,0
location-chicago,product-1,2024-03-23,12096,264,0
location-chicago,product-1,2024-03-24,11832,264,0
location-chicago,product-1,2024-03-25,11568,264,0
location-chicago,product-1,2024-03-26,11304,264,0
location-chicago,product-1,2024-03-27,11040,264,0
location-chicago,product-1,2024-03-28,10776,264,0
location-chicago,product-1,2024-03-29,10512,264,0
location-chicago,product-1,2024-03-30,10248,264,0
location-chicago,product-1,2024-03-31,9984,264,0
location-chicago,product-1,2024-04-01,9720,264,0
location-chicago,product-1,2024-04-02,9456,264,0
location-chicago,product-1,2024-04-03,9192,264,0
location-chicago,product-1,2024-04-04,8928,264,0
location-chicago,product-1,2024-04-05,8664,264,0
location-chicago,product-1,2024-04-06,8400,264,0
location-chicago,product-1,2024-04-07,8136,264,0
location-chicago,product-1,2024-04-08,7872,264,0
location-chicago,product-1,2024-04-09,7608,264,0
location-chicago,product-1,2024-04-10,7344,264,0
location-chicago,product-2,2024-03-12,15000,701,0
location-chicago,product-2,2024-03-13,14299,701,0
location-chicago,product-2,2024-03-14,13598,701,0
location-chicago,product-2,2024-03-15,12897,701,0
location-chicago,product-2,2024-03-16,12196,701,0
location-chicago,product-2,2024-03-17,11495,701,0
location-chicago,product-2,2024-03-18,10794,701,0
location-chicago,product-2,2024-03-19,10093,701,0
location-chicago,product-2,2024-03-20,9392,701,0
location-chicago,product-2,2024-03-21,8691,701,0
location-chicago,product-2,2024-03-22,7990,701,0
location-chicago,product-2,2024-03-23,7289,701,0
location-chicago,product-2,2024-03-24,6588,701,0
location-chicago,product-2,2024-03-25,5887,701,0
location-chicago,product-2,2024-03-26,5186,701,0
location-chicago,product-2,2024-03-27,4485,701,0
location-chicago,product-2,2024-03-28,3784,701,0
location-chicago,product-2,2024-03-29,3083,701,0
location-chicago,product-2,2024-03-30,2382,701,0
location-chicago,product-2,2024-03-31,1681,701,0
location-chicago,product-2,2024-04-01,980,701,0
location-chicago,product-2,2024-04-02,279,701,0
location-chicago,product-2,2024-04-03,0,701,0
location-chicago,product-2,2024-04-04,0,701,0
location-chicago,product-2,2024-04-05,0,701,0
location-chicago,product-2,2024-04-06,0,701,0
location-chicago,product-2,2024-04-07,0,701,0
location-chicago,product-2,2024-04-08,0,701,0
location-chicago,product-2,2024-04-09,0,701,0
location-chicago,product-2,2024-04-10,0,701,0
location-chicago,product-3,2024-03-12,15000,487,0
location-chicago,product-3,2024-03-13,14513,487,0
location-chicago,product-3,2024-03-14,14026,487,0
location-chicago,product-3,2024-03-15,13539,487,0
location-chicago,product-3,2024-03-16,13052,487,0
location-chicago,product-3,2024-03-17,12565,487,0
location-chicago,product-3,2024-03-18,12078,487,0
location-chicago,product-3,2024-03-19,11591,487,0
location-chicago,product-3,2024-03-20,11104,487,0
location-chicago,product-3,2024-03-21,10617,487,0
location-chicago,product-3,2024-03-22,10130,487,0
location-chicago,product-3,2024-03-23,9643,487,0
location-chicago,product-3,2024-03-24,9156,487,0
location-chicago,product-3,2024-03-25,8669,487,0
location-chicago,product-3,2024-03-26,8182,487,0
location-chicago,product-3,2024-03-27,7695,487,0
location-chicago,product-3,2024-03-28,7208,487,0
location-chicago,product-3,2024-03-29,6721,487,0
location-chicago,product-3,2024-03-30,6234,487,0
location-chicago,product-3,2024-03-31,5747,487,0
location-chicago,product-3,2024-04-01,5260,487,0
location-chicago,product-3,2024-04-02,4773,487,0
location-chicago,product-3,2024-04-03,4286,487,0
location-chicago,product-3,2024-04-04,3799,487,0
location-chicago,product-3,2024-04-05,3312,487,0
location-chicago,product-3,2024-04-06,2825,487,0
location-chicago,product-3,2024-04-07,2338,487,0
location-chicago,product-3,2024-04-08,1851,487,0
location-chicago,product-3,2024-04-09,1364,487,0
location-chicago,product-3,2024-04-10,877,487,0
location-houston,product-1,2024-03-12,15000,467,0
location-houston,product-1,2024-03-13,14533,467,0
location-houston,product-1,2024-03-14,14066,467,0
location-houston,product-1,2024-03-15,13599,467,0
location-houston,product-1,2024-03-16,13132,467,0
location-houston,product-1,2024-03-17,12665,467,0
location-houston,product-1,2024-03-18,12198,467,0
location-houston,product-1,2024-03-19,11731,467,0
location-houston,product-1,2024-03-20,11264,467,0
location-houston,product-1,2024-03-21,10797,467,0
location-houston,product-1,2024-03-22,10330,467,0
location-houston,product-1,2024-03-23,9863,467,0
location-houston,product-1,2024-03-24,9396,467,0
location-houston,product-1,2024-03-25,8929,467,0
location-houston,product-1,2024-03-26,8462,467,0
location-houston,product-1,2024-03-27,7995,467,0
location-houston,product-1,2024-03-28,7528,467,0
location-houston,product-1,2024-03-29,7061,467,0
location-houston,product-1,2024-03-30,6594,467,0
location-houston,product-1,2024-03-31,6127,467,0
location-houston,product-1,2024-04-01,5660,467,0
location-houston,product-1,2024-04-02,5193,467,0
location-houston,product-1,2024-04-03,4726,467,0
location-houston,product-1,2024-04-04,4259,467,0
location-houston,product-1,2024-04-05,3792,467,0
location-houston,product-1,2024-04-06,3325,467,0
location-houston,product-1,2024-04-07,2858,467,0
location-houston,product-1,2024-04-08,2391,467,0
location-houston,product-1,2024-04-09,1924,467,0
location-houston,product-1,2024-04-10,1457,467,0
location-houston,product-2,2024-03-12,15000,206,0
location-houston,product-2,2024-03-13,14794,206,0
location-houston,product-2,2024-03-14,14588,206,0
location-houston,product-2,2024-03-15,14382,206,0
location-houston,product-2,2024-03-16,14176,206,0
location-houston,product-2,2024-03-17,13970,206,0
location-houston,product-2,2024-03-18,13764,206,0
location-houston,product-2,2024-03-19,13558,206,0
location-houston,product-2,2024-03-20,13352,206,0
location-houston,product-2,2024-03-21,13146,206,0
location-houston,product-2,2024-03-22,12940,206,0
location-houston,product-2,2024-03-23,12734,206,0
location-houston,product-2,2024-03-24,12528,206,0
location-houston,product-2,2024-03-25,12322,206,0
location-houston,product-2,2024-03-26,12116,206,0
location-houston,product-2,2024-03-27,11910,206,0
location-houston,product-2,2024-03-28,11704,206,0
location-houston,product-2,2024-03-29,11498,206,0
location-houston,product-2,2024-03-30,11292,206,0
location-houston,product-2,2024-03-31,11086,206,0
location-houston,product-2,2024-04-01,10880,206,0
location-houston,product-2,2024-04-02,10674,206,0
location-houston,product-2,2024-04-03,10468,206,0
location-houston,product-2,2024-04-04,10262,206,0
location-houston,product-2,2024-04-05,10056,206,0
location-houston,product-2,2024-04-06,9850,206,0
location-houston,product-2,2024-04-07,9644,206,0
location-houston,product-2,2024-04-08,9438,206,0
location-houston,product-2,2024-04-09,9232,206,0
location-houston,product-2,2024-04-10,9026,206,0
location-houston,product-3,2024-03-12,15000,268,0
location-houston,product-3,2024-03-13,14732,268,0
location-houston,product-3,2024-03-14,14464,268,0
location-houston,product-3,2024-03-15,14196,268,0
location-houston,product-3,2024-03-16,13928,268,0
location-houston,product-3,2024-03-17,13660,268,0
location-houston,product-3,2024-03-18,13392,268,0
location-houston,product-3,2024-03-19,13124,268,0
location-houston,product-3,2024-03-20,12856,268,0
location-houston,product-3,2024-03-21,12588,268,0
location-houston,product-3,2024-03-22,12320,268,0
location-houston,product-3,2024-03-23,12052,268,0
location-houston,product-3,2024-03-24,11784,268,0
location-houston,product-3,2024-03-25,11516,268,0
location-houston,product-3,2024-03-26,11248,268,0
location-houston,product-3,2024-03-27,10980,268,0
location-houston,product-3,2024-03-28,10712,268,0
location-houston,product-3,2024-03-29,10444,268,0
location-houston,product-3,2024-03-30,10176,268,0
location-houston,product-3,2024-03-31,9908,268,0
location-houston,product-3,2024-04-01,9640,268,0
location-houston,product-3,2024-04-02,9372,268,0
location-houston,product-3,2024-04-03,9104,268,0
location-houston,product-3,2024-04-04,8836,268,0
location-houston,product-3,2024-04-05,8568,268,0
location-houston,product-3,2024-04-06,8300,268,0
location-houston,product-3,2024-04-07,8032,268,0
location-houston,product-3,2024-04-08,7764,268,0
location-houston,product-3,2024-04-09,7496,268,0
location-houston,product-3,2024-04-10,7228,268,0
location-new_york,product-1,2024-03-12,15000,775,0
location-new_york,product-1,2024-03-13,14225,775,0
location-new_york,product-1,2024-03-14,13450,775,0
location-new_york,product-1,2024-03-15,12675,775,0
location-new_york,product-1,2024-03-16,11900,775,0
location-new_york,product-1,2024-03-17,11125,775,0
location-new_york,product-1,2024-03-18,10350,775,0
location-new_york,product-1,2024-03-19,9575,775,0
location-new_york,product-1,2024-03-20,8800,775,0
location-new_york,product-1,2024-03-21,8025,775,0
location-new_york,product-1,2024-03-22,7250,775,0
location-new_york,product-1,2024-03-23,6475,775,0
location-new_york,product-1,2024-03-24,5700,775,0
location-new_york,product-1,2024-03-25,4925,775,0
location-new_york,product-1,2024-03-26,4150,775,0
location-new_york,product-1,2024-03-27,3375,775,0
location-new_york,product-1,2024-03-28,2600,775,0
location-new_york,product-1,2024-03-29,1825,775,0
location-new_york,product-1,2024-03-30,1050,775,0
location-new_york,product-1,2024-03-31,275,775,0
location-new_york,product-1,2024-04-01,0,775,0
location-new_york,product-1,2024-04-02,0,775,0
location-new_york,product-1,2024-04-03,0,775,0
location-new_york,product-1,2024-04-04,0,775,0
location-new_york,product-1,2024-04-05,0,775,0
location-new_york,product-1,2024-04-06,0,775,0
location-new_york,product-1,2024-04-07,0,775,0
location-new_york,product-1,2024-04-08,0,775,0
location-new_york,product-1,2024-04-09,0,775,0
location-new_york,product-1,2024-04-10,0,775,0
location-new_york,product-2,2024-03-12,15000,700,0
location-new_york,product-2,2024-03-13,14300,700,0
location-new_york,product-2,2024-03-14,13600,700,0
location-new_york,product-2,2024-03-15,12900,700,0
location-new_york,product-2,2024-03-16,12200,700,0
location-new_york,product-2,2024-03-17,11500,700,0
location-new_york,product-2,2024-03-18,10800,700,0
location-new_york,product-2,2024-03-19,10100,700,0
location-new_york,product-2,2024-03-20,9400,700,0
location-new_york,product-2,2024-03-21,8700,700,0
location-new_york,product-2,2024-03-22,8000,700,0
location-new_york,product-2,2024-03-23,7300,700,0
location-new_york,product-2,2024-03-24,6600,700,0
location-new_york,product-2,2024-03-25,5900,700,0
location-new_york,product-2,2024-03-26,5200,700,0
location-new_york,product-2,2024-03-27,4500,700,0
location-new_york,product-2,2024-03-28,3800,700,0
location-new_york,product-2,2024-03-29,3100,700,0
location-new_york,product-2,2024-03-30,2400,700,0
location-new_york,product-2,2024-03-31,1700,700,0
location-new_york,product-2,2024-04-01,1000,700,0
location-new_york,product-2,2024-04-02,300,700,0
location-new_york,product-2,2024-04-03,0,700,0
location-new_york,product-2,2024-04-04,0,700,0
location-new_york,product-2,2024-04-05,0,700,0
location-new_york,product-2,2024-04-06,0,700,0
location-new_york,product-2,2024-04-07,0,700,0
location-new_york,product-2,2024-04-08,0,700,0
location-new_york,product-2,2024-04-09,0,700,0
location-new_york,product-2,2024-04-10,0,700,0
location-new_york,product-3,2024-03-12,15000,323,0
location-new_york,product-3,2024-03-13,14677,323,0
location-new_york,product-3,2024-03-14,14354,323,0
location-new_york,product-3,2024-03-15,14031,323,0
location-new_york,product-3,2024-03-16,13708,323,0
location-new_york,product-3,2024-03-17,13385,323,0
location-new_york,product-3,2024-03-18,13062,323,0
location-new_york,product-3,2024-03-19,12739,323,0
location-new_york,product-3,2024-03-20,12416,323,0
location-new_york,product-3,2024-03-21,12093,323,0
location-new_york,product-3,2024-03-22,11770,323,0
location-new_york,product-3,2024-03-23,11447,323,0
location-new_york,product-3,2024-03-24,11124,323,0
location-new_york,product-3,2024-03-25,10801,323,0
location-new_york,product-3,2024-03-26,10478,323,0
location-new_york,product-3,2024-03-27,10155,323,0
location-new_york,product-3,2024-03-28,9832,323,0
location-new_york,product-3,2024-03-29,9509,323,0
location-new_york,product-3,2024-03-30,9186,323,0
location-new_york,product-3,2024-03-31,8863,323,0
location-new_york,product-3,2024-04-01,8540,323,0
location-new_york,product-3,2024-04-02,8217,323,0
location-new_york,product-3,2024-04-03,7894,323,0
location-new_york,product-3,2024-04-04,7571,323,0
location-new_york,product-3,2024-04-05,7248,323,0
location-new_york,product-3,2024-04-06,6925,323,0
location-new_york,product-3,2024-04-07,6602,323,0
location-new_york,product-3,2024-04-08,6279,323,0
location-new_york,product-3,2024-04-09,5956,323,0
location-new_york,product-3,2024-04-10,5633,323,0
location-st_louis,product-1,2024-03-12,15000,789,0
location-st_louis,product-1,2024-03-13,14211,789,0
location-st_louis,product-1,2024-03-14,13422,789,0
location-st_louis,product-1,2024-03-15,12633,789,0
location-st_louis,product-1,2024-03-16,11844,789,0
location-st_louis,product-1,2024-03-17,11055,789,0
location-st_louis,product-1,2024-03-18,10266,789,0
location-st_louis,product-1,2024-03-19,9477,789,0
location-st_louis,product-1,2024-03-20,8688,789,0
location-st_louis,product-1,2024-03-21,7899,789,0
location-st_louis,product-1,2024-03-22,7110,789,0
location-st_louis,product-1,2024-03-23,6321,789,0
location-st_louis,product-1,2024-03-24,5532,789,0
location-st_louis,product-1,2024-03-25,4743,789,0
location-st_louis,product-1,2024-03-26,3954,789,0
location-st_louis,product-1,2024-03-27,3165,789,0
location-st_louis,product-1,2024-03-28,2376,789,0
location-st_louis,product-1,2024-03-29,1587,789,0
location-st_louis,product-1,2024-03-30,798,789,0
location-st_louis,product-1,2024-03-31,9,789,0
location-st_louis,product-1,2024-04-01,0,789,0
location-st_louis,product-1,2024-04-02,0,789,0
location-st_louis,product-1,2024-04-03,0,789,0
location-st_louis,product-1,2024-04-04,0,789,0
location-st_louis,product-1,2024-04-05,0,789,0
location-st_louis,product-1,2024-04-06,0,789,0
location-st_louis,product-1,2024-04-07,0,789,0
location-st_louis,product-1,2024-04-08,0,789,0
location-st_louis,product-1,2024-04-09,0,789,0
location-st_louis,product-1,2024-04-10,0,789,0
location-st_louis,product-2,2024-03-12,15000,464,0
location-st_louis,product-2,2024-03-13,14536,464,0
location-st_louis,product-2,2024-03-14,14072,464,0
location-st_louis,product-2,2024-03-15,13608,464,0
location-st_louis,product-2,2024-03-16,13144,464,0
location-st_louis,product-2,2024-03-17,12680,464,0
location-st_louis,product-2,2024-03-18,12216,464,0
location-st_louis,product-2,2024-03-19,11752,464,0
location-st_louis,product-2,2024-03-20,11288,464,0
location-st_louis,product-2,2024-03-21,10824,464,0
location-st_louis,product-2,2024-03-22,10360,464,0
location-st_louis,product-2,2024-03-23,9896,464,0
location-st_louis,product-2,2024-03-24,9432,464,0
location-st_louis,product-2,2024-03-25,8968,464,0
location-st_louis,product-2,2024-03-26,8504,464,0
location-st_louis,product-2,2024-03-27,8040,464,0
location-st_louis,product-2,2024-03-28,7576,464,0
location-st_louis,product-2,2024-03-29,7112,464,0
location-st_louis,product-2,2024-03-30,6648,464,0
location-st_louis,product-2,2024-03-31,6184,464,0
location-st_louis,product-2,2024-04-01,5720,464,0
location-st_louis,product-2,2024-04-02,5256,464,0
location-st_louis,product-2,2024-04-03,4792,464,0
location-st_louis,product-2,2024-04-04,4328,464,0
location-st_louis,product-2,2024-04-05,3864,464,0
location-st_louis,product-2,2024-04-06,3400,464,0
location-st_louis,product-2,2024-04-07,2936,464,0
location-st_louis,product-2,2024-04-08,2472,464,0
location-st_louis,product-2,2024-04-09,2008,464,0
location-st_louis,product-2,2024-04-10,1544,464,0
location-st_louis,product-3,2024-03-12,15000,270,0
location-st_louis,product-3,2024-03-13,14730,270,0
location-st_louis,product-3,2024-03-14,14460,270,0
location-st_louis,product-3,2024-03-15,14190,270,0
location-st_louis,product-3,2024-03-16,13920,270,0
location-st_louis,product-3,2024-03-17,13650,270,0
location-st_louis,product-3,2024-03-18,13380,270,0
location-st_louis,product-3,2024-03-19,13110,270,0
location-st_louis,product-3,2024-03-20,12840,270,0
location-st_louis,product-3,2024-03-21,12570,270,0
location-st_louis,product-3,2024-03-22,12300,270,0
location-st_louis,product-3,2024-03-23,12030,270,0
location-st_louis,product-3,2024-03-24,11760,270,0
location-st_louis,product-3,2024-03-25,11490,270,0
location-st_louis,product-3,2024-03-26,11220,270,0
location-st_louis,product-3,2024-03-27,10950,270,0
location-st_louis,product-3,2024-03-28,10680,270,0
location-st_louis,product-3,2024-03-29,10410,270,0
location-st_louis,product-3,2024-03-30,10140,270,0
location-st_louis,product-3,2024-03-31,9870,270,0
location-st_louis,product-3,2024-04-01,9600,270,0
location-st_louis,product-3,2024-04-02,9330,270,0
location-st_louis,product-3,2024-04-03,9060,270,0
location-st_louis,product-3,2024-04-04,8790,270,0
location-st_louis,product-3,2024-04-05,8520,270,0
location-st_louis,product-3,2024-04-06,8250,270,0
location-st_louis,product-3,2024-04-07,7980,270,0
location-st_louis,product-3,2024-04-08,7710,270,0
location-st_louis,product-3,2024-04-09,7440,270,0
location-st_louis,product-3,2024-04-10,7170,270,0
